"","VAR","SAMPLE_1","AD_ref_1","AD_alt_1","DP_1","GQ_1","GT_1","family_id","SAMPLE_2","AD_ref_2","AD_alt_2","DP_2","GQ_2","GT_2","SAMPLE_3","AD_ref_3","AD_alt_3","DP_3","GQ_3","GT_3","QUAL","MostDel","Global_Max_AF","Consequence","SYMBOL","BIOTYPE","HGVSc","gnomAD_exomes_POPMAX_AF","gnomAD_genomes_POPMAX_AF","hiConfDeNovo","loConfDeNovo","DP_1_1","DP_2_1","DP_3_1","perc_AA_1","perc_AA_2","perc_AA_3","inherited","hiConfDeNovoY","loConfDeNovoY","perc_RA_2","perc_RA_3","de_novo","de_novo_inherited","freq.var","freq.var2","vartype","ref_alt","Percent.Alt.Read.Binomial.P","qualified","Prop_missing_allele"
"1","chr3:195784245-A-G","BS_AQ1NBNRP",29,19,48,99,"'0/1'","FM_WY4CENT2","BS_51WNNVAR",26,0,26,3,"'0/1'","BS_22WBW976",70,0,70,3,"'0/1'",609.95,"synonymous_variant",NA,"synonymous_variant","'MUC4'","protein_coding","ENST00000463781.8:c.7335T>C",NA,NA,"","",48,26,70,0.395833333333333,0,0,0,0,0,1,1,1,"de-novo",1,1,"SNV",48,0.193412652861938,"qualified",0
"2","chr7:100955800-A-T","BS_AQ1NBNRP",44,15,59,99,"'0/1'","FM_WY4CENT2","BS_51WNNVAR",37,0,37,3,"'0/1'","BS_22WBW976",75,0,75,3,"'0/1'",526.95,"missense_variant",NA,"missense_variant","'MUC3A'","protein_coding","ENST00000379458.9:c.4021A>T",NA,NA,"","",59,37,75,0.254237288135593,0,0,0,0,0,1,1,1,"de-novo",1,1,"SNV",59,0.000203721857407857,"qualified",0
"4","chr19:2338832-C-G","BS_AQ1NBNRP",36,10,46,99,"'0/1'","FM_WY4CENT2","BS_51WNNVAR",41,0,41,51,"'0/0'","BS_22WBW976",45,0,45,42,"'0/0'",201.25,"missense_variant",NA,"missense_variant","'SPPL2B'","protein_coding","ENST00000613503.5:c.450C>G",NA,NA,"BS_AQ1NBNRP","",46,41,45,0.217391304347826,0,0,0,1,0,1,1,1,"de-novo",1,1,"SNV",46,0.000156417208529547,"qualified",0
"6","chr19:46493765-T-G","BS_AQ1NBNRP",28,11,39,84,"'0/1'","FM_WY4CENT2","BS_51WNNVAR",31,0,31,36,"'0/0'","BS_22WBW976",39,0,39,39,"'0/1'",79.48,"synonymous_variant",NA,"synonymous_variant","'PNMA8B'","protein_coding","ENST00000599531.2:c.1701A>C",NA,NA,"","",39,31,39,0.282051282051282,0,0,0,0,0,1,1,1,"de-novo",1,1,"SNV",39,0.00947530427947642,"qualified",0
"21","chr1:201209690-AGCAGGTTATAGGAAGGACTTGGGGGTTCCTGAGGGAATAGGTTCAGGAAGTAAGGCAGGTTTTAGGGATGGTTTAGGGGGTTCTGAAGAAATGGGGTCAGTGAATAAG-A","BS_AQ1NBNRP",47,17,64,99,"'0/1'","FM_WY4CENT2","BS_51WNNVAR",63,0,63,60,"'0/0'","BS_22WBW976",50,0,50,32,"'0/0'",445.25,"inframe_deletion",NA,"inframe_deletion","'IGFN1'","protein_coding","ENST00000335211.9:c.4815_4922del",NA,NA,"BS_AQ1NBNRP","",64,63,50,0.265625,0,0,0,1,0,1,1,1,"de-novo",1,1,"Indel",64,0.00022688238288328,"qualified",0
"3","chr3:195784175-CGGTGCCAGGAAGAGGGGTGGTGTCACCTGTGGATGCTGAGGAAGTGCT-C","BS_AQ1NBNRP",38,13,51,99,"'0/1'","FM_WY4CENT2","BS_51WNNVAR",39,0,39,42,"'0/0'","BS_22WBW976",49,0,49,34,"'0/0'",488.25,"inframe_deletion",NA,"inframe_deletion","'MUC4'","protein_coding","ENST00000463781.8:c.7357_7404del",NA,NA,"BS_AQ1NBNRP","",51,39,49,0.254901960784314,0,0,0,1,0,1,1,1,"de-novo",1,1,"Indel",51,0.000621043456227711,"qualified",0
"61","chr6:31029826-CAACACAGCCTGT-C","BS_AQ1NBNRP",41,19,60,99,"'0/1'","FM_WY4CENT2","BS_51WNNVAR",32,0,32,30,"'0/0'","BS_22WBW976",50,0,50,60,"'0/0'",176.25,"inframe_deletion",NA,"inframe_deletion","'MUC22'","protein_coding","ENST00000561890.1:c.4397_4408del",NA,NA,"BS_AQ1NBNRP","",60,32,50,0.316666666666667,0,0,0,1,0,1,1,1,"de-novo",1,1,"Indel",60,0.0062176026593267,"qualified",0
"7","chr6:31029845-GGTTCTGAGA-G","BS_AQ1NBNRP",44,14,58,70,"'0/1'","FM_WY4CENT2","BS_51WNNVAR",29,0,29,24,"'0/0'","BS_22WBW976",48,0,48,49,"'0/0'",121.25,"inframe_deletion",NA,"inframe_deletion","'MUC22'","protein_coding","ENST00000561890.1:c.4415_4423del",NA,NA,"BS_AQ1NBNRP","",58,29,48,0.241379310344828,0,0,0,1,0,1,1,1,"de-novo",1,1,"Indel",58,0.000100496699269148,"qualified",0
"8","chr15:20534634-CTCCTCCTGCTCCCGTATCTTCTCCTCCTGCTCCCTTATCTTCTCCTCCTGCTTCCACATCTTCTCCTCCTGCTCCTGCCTCTTT-C","BS_AQ1NBNRP",27,11,38,99,"'0/1'","FM_WY4CENT2","BS_51WNNVAR",41,0,41,41,"'0/0'","BS_22WBW976",58,0,58,60,"'0/0'",308.25,"inframe_deletion",NA,"inframe_deletion","'GOLGA6L6'","protein_coding","ENST00000619213.1:c.1716_1799del",NA,NA,"BS_AQ1NBNRP","",38,41,58,0.289473684210526,0,0,0,1,0,1,1,1,"de-novo",1,1,"Indel",38,0.0138529652613215,"qualified",0
