"","VAR","SAMPLE_1","AD_ref_1","AD_alt_1","DP_1","GQ_1","GT_1","family_id","SAMPLE_2","AD_ref_2","AD_alt_2","DP_2","GQ_2","GT_2","SAMPLE_3","AD_ref_3","AD_alt_3","DP_3","GQ_3","GT_3","QUAL","MostDel","Global_Max_AF","Consequence","SYMBOL","BIOTYPE","HGVSc","gnomAD_exomes_POPMAX_AF","gnomAD_genomes_POPMAX_AF","hiConfDeNovo","loConfDeNovo","DP_1_1","DP_2_1","DP_3_1","perc_AA_1","perc_AA_2","perc_AA_3","inherited","hiConfDeNovoY","loConfDeNovoY","perc_RA_2","perc_RA_3","de_novo","de_novo_inherited","freq.var","freq.var2"
"1245","chr1:201209660-A-AGGTTCTGGAGAAATGGGGTCAGTGAATGAAACAGGTTATAGGAAGGACTTGGGGGTTCCTGAGGGAATAGGTTCAGGGAGTAAGGCAGGTTTTAGGGATGGTTTAGGG","BS_AQ1NBNRP",16,13,44,99,"'0/1'","FM_WY4CENT2","BS_51WNNVAR",57,0,57,3,"'0/1'","BS_22WBW976",51,0,51,3,"'0/1'",451.98,"inframe_insertion",NA,"inframe_insertion","'IGFN1'","protein_coding","ENST00000335211.9:c.4797_4798insACAGGTTATAGGAAGGACTTGGGGGTTCCTGAGGGAATAGGTTCAGGGAGTAAGGCAGGTTTTAGGGATGGTTTAGGGGGTTCTGGAGAAATGGGGTCAGTGAATGAA",NA,NA,"","",44,57,51,0.295454545454545,0,0,0,0,0,1,1,1,"de-novo",1,1
"1246","chr1:201209690-AGCAGGTTATAGGAAGGACTTGGGGGTTCCTGAGGGAATAGGTTCAGGAAGTAAGGCAGGTTTTAGGGATGGTTTAGGGGGTTCTGAAGAAATGGGGTCAGTGAATAAG-A","BS_AQ1NBNRP",47,17,64,99,"'0/1'","FM_WY4CENT2","BS_51WNNVAR",63,0,63,60,"'0/0'","BS_22WBW976",50,0,50,32,"'0/0'",445.25,"inframe_deletion",NA,"inframe_deletion","'IGFN1'","protein_coding","ENST00000335211.9:c.4815_4922del",NA,NA,"BS_AQ1NBNRP","",64,63,50,0.265625,0,0,0,1,0,1,1,1,"de-novo",1,1
"3643","chr3:195784175-CGGTGCCAGGAAGAGGGGTGGTGTCACCTGTGGATGCTGAGGAAGTGCT-C","BS_AQ1NBNRP",38,13,51,99,"'0/1'","FM_WY4CENT2","BS_51WNNVAR",39,0,39,42,"'0/0'","BS_22WBW976",49,0,49,34,"'0/0'",488.25,"inframe_deletion",NA,"inframe_deletion","'MUC4'","protein_coding","ENST00000463781.8:c.7357_7404del",NA,NA,"BS_AQ1NBNRP","",51,39,49,0.254901960784314,0,0,0,1,0,1,1,1,"de-novo",1,1
"3644","chr3:195784231-G-A","BS_AQ1NBNRP",29,13,42,99,"'0/1'","FM_WY4CENT2","BS_51WNNVAR",32,0,32,79,"'0/0'","BS_22WBW976",65,0,65,60,"'0/1'",486.48,"missense_variant",0.0004776,"missense_variant","'MUC4'","protein_coding","ENST00000463781.8:c.7349C>T",0.0002659574,2.049432e-05,"","",42,32,65,0.30952380952381,0,0,0,0,0,1,1,1,"de-novo",1,1
"3645","chr3:195784245-A-G","BS_AQ1NBNRP",29,19,48,99,"'0/1'","FM_WY4CENT2","BS_51WNNVAR",26,0,26,3,"'0/1'","BS_22WBW976",70,0,70,3,"'0/1'",609.95,"synonymous_variant",NA,"synonymous_variant","'MUC4'","protein_coding","ENST00000463781.8:c.7335T>C",NA,NA,"","",48,26,70,0.395833333333333,0,0,0,0,0,1,1,1,"de-novo",1,1
"3646","chr3:195784574-GC-G","BS_AQ1NBNRP",4,65,69,99,"'0/1'","FM_WY4CENT2","BS_51WNNVAR",53,0,53,60,"'0/0'","BS_22WBW976",40,0,40,46,"'0/0'",717.25,"frameshift_variant",NA,"frameshift_variant","'MUC4'","protein_coding","ENST00000463781.8:c.7005del",NA,NA,"BS_AQ1NBNRP","",69,53,40,0.942028985507246,0,0,0,1,0,1,1,1,"de-novo",1,1
"3647","chr3:195784576-GTGGTGTCACCTGTGGATGCTGAGGAAAGGCTGGTGACAGGAAGAGGGGTGGCGTGACCTGTGGATGCTGAGGAAGCGTCGGTGACATGAAGAGGGGTGGCGTGACCTGTGGATGCTGAGGAAGGGCTAGTGACAGGAAGAGGA-G","BS_AQ1NBNRP",11,67,78,99,"'0/1'","FM_WY4CENT2","BS_51WNNVAR",50,0,50,94,"'0/0'","BS_22WBW976",45,0,45,94,"'0/0'",695.25,"frameshift_variant",NA,"frameshift_variant","'MUC4'","protein_coding","ENST00000463781.8:c.6861_7003del",NA,NA,"BS_AQ1NBNRP","",78,50,45,0.858974358974359,0,0,0,1,0,1,1,1,"de-novo",1,1
"5332","chr6:31029826-CAACACAGCCTGT-C","BS_AQ1NBNRP",41,19,60,99,"'0/1'","FM_WY4CENT2","BS_51WNNVAR",32,0,32,30,"'0/0'","BS_22WBW976",50,0,50,60,"'0/0'",176.25,"inframe_deletion",NA,"inframe_deletion","'MUC22'","protein_coding","ENST00000561890.1:c.4397_4408del",NA,NA,"BS_AQ1NBNRP","",60,32,50,0.316666666666667,0,0,0,1,0,1,1,1,"de-novo",1,1
"5335","chr6:31029845-GGTTCTGAGA-G","BS_AQ1NBNRP",44,14,58,70,"'0/1'","FM_WY4CENT2","BS_51WNNVAR",29,0,29,24,"'0/0'","BS_22WBW976",48,0,48,49,"'0/0'",121.25,"inframe_deletion",NA,"inframe_deletion","'MUC22'","protein_coding","ENST00000561890.1:c.4415_4423del",NA,NA,"BS_AQ1NBNRP","",58,29,48,0.241379310344828,0,0,0,1,0,1,1,1,"de-novo",1,1
"6744","chr7:100955800-A-T","BS_AQ1NBNRP",44,15,59,99,"'0/1'","FM_WY4CENT2","BS_51WNNVAR",37,0,37,3,"'0/1'","BS_22WBW976",75,0,75,3,"'0/1'",526.95,"missense_variant",NA,"missense_variant","'MUC3A'","protein_coding","ENST00000379458.9:c.4021A>T",NA,NA,"","",59,37,75,0.254237288135593,0,0,0,0,0,1,1,1,"de-novo",1,1
"6745","chr7:100955818-G-A","BS_AQ1NBNRP",52,14,66,99,"'0/1'","FM_WY4CENT2","BS_51WNNVAR",49,0,49,3,"'0/1'","BS_22WBW976",97,0,97,3,"'0/1'",415.95,"missense_variant",NA,"missense_variant","'MUC3A'","protein_coding","ENST00000379458.9:c.4039G>A",NA,NA,"","",66,49,97,0.212121212121212,0,0,0,0,0,1,1,1,"de-novo",1,1
"9181","chr11:1191269-C-G","BS_AQ1NBNRP",17,13,30,99,"'0/1'","FM_WY4CENT2","BS_51WNNVAR",33,0,33,60,"'0/1'","BS_22WBW976",35,0,35,90,"'0/0'",298.48,"missense_variant",0.03801887,"missense_variant","'MUC5AC'","protein_coding","ENST00000621226.2:c.13124C>G",NA,0.02408478,"","",30,33,35,0.433333333333333,0,0,0,0,0,1,1,1,"de-novo",1,1
"12119","chr15:20534634-CTCCTCCTGCTCCCGTATCTTCTCCTCCTGCTCCCTTATCTTCTCCTCCTGCTTCCACATCTTCTCCTCCTGCTCCTGCCTCTTT-C","BS_AQ1NBNRP",27,11,38,99,"'0/1'","FM_WY4CENT2","BS_51WNNVAR",41,0,41,41,"'0/0'","BS_22WBW976",58,0,58,60,"'0/0'",308.25,"inframe_deletion",NA,"inframe_deletion","'GOLGA6L6'","protein_coding","ENST00000619213.1:c.1716_1799del",NA,NA,"BS_AQ1NBNRP","",38,41,58,0.289473684210526,0,0,0,1,0,1,1,1,"de-novo",1,1
"14772","chr19:2338832-C-G","BS_AQ1NBNRP",36,10,46,99,"'0/1'","FM_WY4CENT2","BS_51WNNVAR",41,0,41,51,"'0/0'","BS_22WBW976",45,0,45,42,"'0/0'",201.25,"missense_variant",NA,"missense_variant","'SPPL2B'","protein_coding","ENST00000613503.5:c.450C>G",NA,NA,"BS_AQ1NBNRP","",46,41,45,0.217391304347826,0,0,0,1,0,1,1,1,"de-novo",1,1
"14849","chr19:4511363-CCA-C","BS_AQ1NBNRP",47,6,53,50,"'0/1'","FM_WY4CENT2","BS_51WNNVAR",44,1,45,30,"'0/0'","BS_22WBW976",49,0,49,47,"'0/0'",101.25,"frameshift_variant",NA,"frameshift_variant","'PLIN4'","protein_coding","ENST00000301286.5:c.2595_2596del",NA,NA,"BS_AQ1NBNRP","",53,45,49,0.113207547169811,0.0222222222222222,0,0,1,0,0.977777777777778,1,0,"de-novo",1,1
"14992","chr19:8888838-C-T","BS_AQ1NBNRP",46,6,52,27,"'0/1'","FM_WY4CENT2","BS_51WNNVAR",36,0,36,26,"'0/0'","BS_22WBW976",65,0,65,62,"'0/0'",101.25,"missense_variant",0.00944,"missense_variant","'MUC16'","protein_coding","ENST00000397910.8:c.40661G>A",0.000782881,0.005494505,"BS_AQ1NBNRP","",52,36,65,0.115384615384615,0,0,0,1,0,1,1,0,"de-novo",1,1
"14993","chr19:8888846-G-A","BS_AQ1NBNRP",41,7,48,99,"'0/1'","FM_WY4CENT2","BS_51WNNVAR",35,0,35,45,"'0/0'","BS_22WBW976",61,0,61,60,"'0/0'",159.25,"synonymous_variant",NA,"synonymous_variant","'MUC16'","protein_coding","ENST00000397910.8:c.40653C>T",NA,NA,"BS_AQ1NBNRP","",48,35,61,0.145833333333333,0,0,0,1,0,1,1,0,"de-novo",1,1
"15754","chr19:46493765-T-G","BS_AQ1NBNRP",28,11,39,84,"'0/1'","FM_WY4CENT2","BS_51WNNVAR",31,0,31,36,"'0/0'","BS_22WBW976",39,0,39,39,"'0/1'",79.48,"synonymous_variant",NA,"synonymous_variant","'PNMA8B'","protein_coding","ENST00000599531.2:c.1701A>C",NA,NA,"","",39,31,39,0.282051282051282,0,0,0,0,0,1,1,1,"de-novo",1,1
